{
    "BossEnemy": {
        "MovePointMax": 4,
        "MoveRotateSpeed": 0.009999999776482582,
        "MoveSpeed": 1.0,
        "MoveTime": 10.0,
        "OBBSize": [
            1.2000000476837158,
            1.2000000476837158,
            6.0
        ]
    }
}
