{
    "Camera": {
        "FOV": 0.800000011920929,
        "Sensitivity": [
            0.02500000037252903,
            0.02500000037252903
        ]
    }
}
