{
    "Player": {
        "FallAcceleration": 0.09799999743700027,
        "Height": 5.0,
        "JumpDecayRate": 0.09799999743700027,
        "MaxFallSpeed": -9.800000190734863,
        "MaxJumpHeight": 5.0,
        "MoveSpeed": 3.0
    }
}
